id,fullname,language_code
308824742,B ∪ ₦ㄚØ Ď,ru
308824742,B ∪ ₦ㄚØ Ď,ru
308824742,B ∪ ₦ㄚØ Ď,ru
308824742,B ∪ ₦ㄚØ Ď,ru
308824742,B ∪ ₦ㄚØ Ď,ru
308824742,B ∪ ₦ㄚØ Ď,en
308824742,B ∪ ₦ㄚØ Ď,uz
308824742,B ∪ ₦ㄚØ Ď,ru
308824742,B ∪ ₦ㄚØ Ď,uz
308824742,B ∪ ₦ㄚØ Ď,uz
308824742,B ∪ ₦ㄚØ Ď,uz
308824742,B ∪ ₦ㄚØ Ď,uz
308824742,B ∪ ₦ㄚØ Ď,uz
308824742,B ∪ ₦ㄚØ Ď,ru
308824742,B ∪ ₦ㄚØ Ď,ru
308824742,B ∪ ₦ㄚØ Ď,ru
308824742,B ∪ ₦ㄚØ Ď,ru
308824742,B ∪ ₦ㄚØ Ď,en
308824742,B ∪ ₦ㄚØ Ď,uz
308824742,B ∪ ₦ㄚØ Ď,ru
308824742,B ∪ ₦ㄚØ Ď,ru
308824742,B ∪ ₦ㄚØ Ď,uz
308824742,B ∪ ₦ㄚØ Ď,uz
308824742,B ∪ ₦ㄚØ Ď,uz
308824742,B ∪ ₦ㄚØ Ď,uz
308824742,B ∪ ₦ㄚØ Ď,uz
308824742,B ∪ ₦ㄚØ Ď,ru
308824742,B ∪ ₦ㄚØ Ď,uz
